Workbook
Name Slicer_Diagnosis_Year: #N/A
Name Slicer_Gender: #N/A

Sheet lung_cancer_dataset
A1: Patient_ID | B1: Diagnosis_Year | C1: Diagnosis_Date | D1: WHO_Region | E1: Country | F1: Age | G1: Age_Group | H1: Gender | I1: Smoking_Status | J1: Cigarettes_Per_Day | K1: Years_Smoking | L1: Pack_Years | M1: Secondhand_Smoke | N1: Family_History | O1: Occupational_Hazard | P1: Air_Pollution_Exposure | Q1: Alcohol_Use | R1: BMI | S1: BMI_Category | T1: Exercise_Frequency | U1: Chronic_Lung_Disease | V1: Asbestos_Exposure | W1: Radon_Exposure | X1: Previous_Cancer_History | Y1: Risk_Factor_Count | Z1: Genetic_Mutation | AA1: Coughing | AB1: Shortness_of_Breath | AC1: Chest_Pain | AD1: Coughing_Blood | AE1: Fatigue | AF1: Weight_Loss | AG1: Wheezing | AH1: Recurrent_Infections | AI1: Swallowing_Difficulty | AJ1: Finger_Clubbing | AK1: Symptom_Count | AL1: Cancer_Type | AM1: NSCLC_Subtype | AN1: Cancer_Stage | AO1: Tumor_Size_cm | AP1: Metastasis | AQ1: Diagnosis_Method | AR1: Treatment | AS1: Survival_Months | AT1: Survived
A2: LC-0001 | B2: 2020 | C2: 44139 | D2: Western Pacific | E2: China | F2: 46 | G2: 40-49 | H2: Female | I2: Current Smoker | J2: 28 | K2: 28 | L2: 39.2 | M2: Yes | N2: No | O2: No | P2: Moderate | Q2: No Alcohol | R2: 29.6 | S2: Overweight | T2: Low | U2: Yes | V2: No | W2: No | X2: No | Y2: 2 | Z2: No Mutation | AA2: Yes | AB2: Yes | AC2: Yes | AD2: No | AE2: No | AF2: Yes | AG2: No | AH2: No | AI2: Yes | AJ2: No | AK2: 5 | AL2: NSCLC | AM2: Adenocarcinoma | AN2: Stage IV | AO2: 6.4 | AP2: Yes | AQ2: MRI | AR2: Chemo + Radiation | AS2: 4 | AT2: No
A3: LC-0002 | B3: 2021 | C3: 44539 | D3: Americas | E3: Mexico | F3: 71 | G3: 70-79 | H3: Male | I3: Former Smoker | J3: 5 | K3: 34 | L3: 8.5 | M3: Yes | N3: No | O3: No | P3: High | Q3: Heavy | R3: 31.3 | S3: Obese | T3: Moderate | U3: No | V3: No | W3: No | X3: Yes | Y3: 3 | Z3: KRAS | AA3: Yes | AB3: Yes | AC3: No | AD3: No | AE3: Yes | AF3: No | AG3: Yes | AH3: No | AI3: Yes | AJ3: No | AK3: 5 | AL3: NSCLC | AM3: Adenocarcinoma | AN3: Stage I | AO3: 2.6 | AP3: No | AQ3: Biopsy | AR3: Surgery + Chemotherapy | AS3: 76 | AT3: Yes
A4: LC-0003 | B4: 2017 | C4: 42830 | D4: Western Pacific | E4: Japan | F4: 53 | G4: 50-59 | H4: Female | I4: Never Smoked | J4: 0 | K4: 0 | L4: 0 | M4: Yes | N4: No | O4: No | P4: High | Q4: Moderate | R4: 25.8 | S4: Overweight | T4: Low | U4: No | V4: No | W4: No | X4: No | Y4: 2 | Z4: KRAS | AA4: No | AB4: No | AC4: Yes | AD4: Yes | AE4: Yes | AF4: No | AG4: No | AH4: No | AI4: No | AJ4: No | AK4: 3 | AL4: NSCLC | AM4: Squamous Cell | AN4: Stage I | AO4: 2.9 | AP4: No | AQ4: LDCT Screening | AR4: Surgery | AS4: 69 | AT4: No
A5: LC-0004 | B5: 2018 | C5: 43428 | D5: Western Pacific | E5: Singapore | F5: 55 | G5: 50-59 | H5: Male | I5: Current Smoker | J5: 21 | K5: 34 | L5: 35.7 | M5: No | N5: Yes | O5: No | P5: Moderate | Q5: No Alcohol | R5: 25.3 | S5: Overweight | T5: Low | U5: Yes | V5: No | W5: No | X5: No | Y5: 2 | Z5: No Mutation | AA5: Yes | AB5: No | AC5: No | AD5: Yes | AE5: Yes | AF5: Yes | AG5: Yes | AH5: Yes | AI5: No | AJ5: No | AK5: 6 | AL5: NSCLC | AM5: Adenocarcinoma | AN5: Stage IV | AO5: 7 | AP5: Yes | AQ5: CT Scan | AR5: Chemotherapy | AS5: 9 | AT5: No
A6: LC-0005 | B6: 2024 | C6: 45341 | D6: Western Pacific | E6: Malaysia | F6: 54 | G6: 50-59 | H6: Male | I6: Never Smoked | J6: 0 | K6: 0 | L6: 0 | M6: No | N6: No | O6: Yes | P6: High | Q6: No Alcohol | R6: 32 | S6: Obese | T6: Low | U6: Yes | V6: No | W6: No | X6: Yes | Y6: 4 | Z6: KRAS | AA6: Yes | AB6: No | AC6: Yes | AD6: No | AE6: Yes | AF6: No | AG6: Yes | AH6: No | AI6: Yes | AJ6: No | AK6: 5 | AL6: NSCLC | AM6: Adenocarcinoma | AN6: Stage III | AO6: 5.8 | AP6: No | AQ6: Bronchoscopy | AR6: Immunotherapy | AS6: 5 | AT6: Yes
A7: LC-0006 | B7: 2026 | C7: 46023 | D7: Eastern Mediterranean | E7: Iran | F7: 75 | G7: 70-79 | H7: Male | I7: Never Smoked | J7: 0 | K7: 0 | L7: 0 | M7: No | N7: No | O7: No | P7: Low | Q7: No Alcohol | R7: 23 | S7: Normal | T7: High | U7: No | V7: Yes | W7: No | X7: No | Y7: 1 | Z7: EGFR | AA7: Yes | AB7: No | AC7: No | AD7: No | AE7: Yes | AF7: No | AG7: No | AH7: No | AI7: No | AJ7: No | AK7: 2 | AL7: NSCLC | AM7: Adenocarcinoma | AN7: Stage II | AO7: 3 | AP7: No | AQ7: CT Scan | AR7: Surgery | AS7: 23 | AT7: No
A8: LC-0007 | B8: 2026 | C8: 46061 | D8: Eastern Mediterranean | E8: Qatar | F8: 85 | G8: 80-89 | H8: Female | I8: Never Smoked | J8: 0 | K8: 0 | L8: 0 | M8: Yes | N8: No | O8: No | P8: Low | Q8: Moderate | R8: 26.9 | S8: Overweight | T8: Low | U8: No | V8: No | W8: No | X8: No | Y8: 1 | Z8: EGFR | AA8: No | AB8: No | AC8: No | AD8: No | AE8: No | AF8: No | AG8: No | AH8: No | AI8: No | AJ8: No | AK8: 0 | AL8: NSCLC | AM8: Large Cell | AN8: Stage III | AO8: 3.8 | AP8: No | AQ8: Biopsy | AR8: Chemotherapy | AS8: 18 | AT8: No
A9: LC-0008 | B9: 2024 | C9: 45566 | D9: Western Pacific | E9: Singapore | F9: 72 | G9: 70-79 | H9: Male | I9: Never Smoked | J9: 0 | K9: 0 | L9: 0 | M9: No | N9: No | O9: No | P9: High | Q9: Moderate | R9: 24.1 | S9: Normal | T9: Moderate | U9: No | V9: No | W9: No | X9: No | Y9: 1 | Z9: ROS1 | AA9: Yes | AB9: No | AC9: Yes | AD9: No | AE9: Yes | AF9: No | AG9: No | AH9: Yes | AI9: Yes | AJ9: No | AK9: 5 | AL9: NSCLC | AM9: Adenocarcinoma | AN9: Stage II | AO9: 4.3 | AP9: No | AQ9: Bronchoscopy | AR9: Surgery + Chemotherapy | AS9: 25 | AT9: Yes
A10: LC-0009 | B10: 2022 | C10: 44674 | D10: Eastern Mediterranean | E10: Qatar | F10: 58 | G10: 50-59 | H10: Female | I10: Never Smoked | J10: 0 | K10: 0 | L10: 0 | M10: No | N10: No | O10: No | P10: Low | Q10: No Alcohol | R10: 28.3 | S10: Overweight | T10: High | U10: No | V10: No | W10: No | X10: No | Y10: 0 | Z10: EGFR | AA10: Yes | AB10: No | AC10: No | AD10: No | AE10: Yes | AF10: No | AG10: No | AH10: No | AI10: No | AJ10: No | AK10: 2 | AL10: NSCLC | AM10: Adenocarcinoma | AN10: Stage III | AO10: 6.7 | AP10: Yes | AQ10: CT Scan | AR10: Chemotherapy | AS10: 21 | AT10: No
A11: LC-0010 | B11: 2022 | C11: 44750 | D11: Europe | E11: Poland | F11: 43 | G11: 40-49 | H11: Male | I11: Never Smoked | J11: 0 | K11: 0 | L11: 0 | M11: No | N11: Yes | O11: No | P11: Moderate | Q11: Moderate | R11: 21.3 | S11: Normal | T11: High | U11: No | V11: No | W11: Yes | X11: No | Y11: 2 | Z11: EGFR | AA11: No | AB11: No | AC11: No | AD11: No | AE11: Yes | AF11: No | AG11: No | AH11: No | AI11: No | AJ11: No | AK11: 1 | AL11: NSCLC | AM11: Adenocarcinoma | AN11: Stage I | AO11: 1.5 | AP11: No | AQ11: LDCT Screening | AR11: Surgery | AS11: 65 | AT11: Yes
A12: LC-0011 | B12: 2025 | C12: 45939 | D12: Africa | E12: Nigeria | F12: 51 | G12: 50-59 | H12: Female | I12: Never Smoked | J12: 0 | K12: 0 | L12: 0 | M12: No | N12: No | O12: No | P12: High | Q12: No Alcohol | R12: 25.1 | S12: Overweight | T12: Low | U12: No | V12: No | W12: No | X12: No | Y12: 1 | Z12: ROS1 | AA12: No | AB12: No | AC12: No | AD12: No | AE12: Yes | AF12: No | AG12: No | AH12: Yes | AI12: No | AJ12: No | AK12: 2 | AL12: NSCLC | AM12: Adenocarcinoma | AN12: Stage IV | AO12: 6.7 | AP12: Yes | AQ12: PET Scan | AR12: Chemotherapy | AS12: 9 | AT12: No
A13: LC-0012 | B13: 2023 | C13: 45008 | D13: Eastern Mediterranean | E13: Lebanon | F13: 52 | G13: 50-59 | H13: Male | I13: Never Smoked | J13: 0 | K13: 0 | L13: 0 | M13: No | N13: No | O13: No | P13: Low | Q13: Moderate | R13: 21.6 | S13: Normal | T13: Low | U13: No | V13: No | W13: No | X13: No | Y13: 0 | Z13: EGFR | AA13: Yes | AB13: No | AC13: No | AD13: Yes | AE13: Yes | AF13: No | AG13: Yes | AH13: No | AI13: No | AJ13: Yes | AK13: 5 | AL13: NSCLC | AM13: Large Cell | AN13: Stage II | AO13: 5.6 | AP13: No | AQ13: PET Scan | AR13: Radiotherapy | AS13: 26 | AT13: Yes
... A2001: LC-2000 | B2001: 2023 | C2001: 45053 | D2001: Americas | E2001: USA | F2001: 49 | G2001: 40-49 | H2001: Female | I2001: Never Smoked | J2001: 0 | K2001: 0 | L2001: 0 | M2001: Yes | N2001: No | O2001: No | P2001: High | Q2001: Moderate | R2001: 29.9 | S2001: Overweight | T2001: Low | U2001: No | V2001: No | W2001: No | X2001: No | Y2001: 2 | Z2001: ALK | AA2001: No | AB2001: No | AC2001: No | AD2001: Yes | AE2001: Yes | AF2001: No | AG2001: Yes | AH2001: No | AI2001: No | AJ2001: No | AK2001: 3 | AL2001: NSCLC | AM2001: Squamous Cell | AN2001: Stage II | AO2001: 4.1 | AP2001: No | AQ2001: Biopsy | AR2001: Surgery + Chemotherapy | AS2001: 53 | AT2001: Yes

Sheet Cleaned
A1: Patient_ID | B1: Diagnosis_Year | C1: Diagnosis_Date | D1: WHO_Region | E1: Country | F1: Age | G1: Age_Group | H1: Gender | I1: Smoking_Status | J1: Cigarettes_Per_Day | K1: Years_Smoking | L1: Pack_Years | M1: Secondhand_Smoke | N1: Family_History | O1: Occupational_Hazard | P1: Air_Pollution_Exposure | Q1: Alcohol_Use | R1: BMI | S1: BMI_Category | T1: Exercise_Frequency | U1: Chronic_Lung_Disease | V1: Asbestos_Exposure | W1: Radon_Exposure | X1: Previous_Cancer_History | Y1: Risk_Factor_Count | Z1: Genetic_Mutation | AA1: Coughing | AB1: Shortness_of_Breath | AC1: Chest_Pain | AD1: Coughing_Blood | AE1: Fatigue | AF1: Weight_Loss | AG1: Wheezing | AH1: Recurrent_Infections | AI1: Swallowing_Difficulty | AJ1: Finger_Clubbing | AK1: Symptom_Count | AL1: Cancer_Type | AM1: NSCLC_Subtype | AN1: Cancer_Stage | AO1: Tumor_Size_cm | AP1: Metastasis | AQ1: Diagnosis_Method | AR1: Treatment | AS1: Survival_Months | AT1: Survived
A2: LC-0001 | B2: 2020 | C2: 44139 | D2: Western Pacific | E2: =TRIM(lung_cancer_dataset!E2) -> China | F2: 46 | G2: 40-49 | H2: =PROPER(TRIM(lung_cancer_dataset!H2)) -> Female | I2: =PROPER(TRIM(lung_cancer_dataset!I2)) -> Current Smoker | J2: 28 | K2: 28 | L2: 39.2 | M2: Yes | N2: No | O2: No | P2: =PROPER(TRIM(lung_cancer_dataset!P2)) -> Moderate | Q2: No Alcohol | R2: 29.6 | S2: Overweight | T2: Low | U2: Yes | V2: No | W2: No | X2: No | Y2: 2 | Z2: No Mutation | AA2: Yes | AB2: Yes | AC2: Yes | AD2: No | AE2: No | AF2: Yes | AG2: No | AH2: No | AI2: Yes | AJ2: No | AK2: 5 | AL2: NSCLC | AM2: Adenocarcinoma | AN2: Stage IV | AO2: 6.4 | AP2: Yes | AQ2: MRI | AR2: Chemo + Radiation | AS2: 4 | AT2: No
A3: LC-0002 | B3: 2021 | C3: 44539 | D3: Americas | E3: =TRIM(lung_cancer_dataset!E3) -> Mexico | F3: 71 | G3: 70-79 | H3: =PROPER(TRIM(lung_cancer_dataset!H3)) -> Male | I3: =PROPER(TRIM(lung_cancer_dataset!I3)) -> Former Smoker | J3: 5 | K3: 34 | L3: 8.5 | M3: Yes | N3: No | O3: No | P3: =PROPER(TRIM(lung_cancer_dataset!P3)) -> High | Q3: Heavy | R3: 31.3 | S3: Obese | T3: Moderate | U3: No | V3: No | W3: No | X3: Yes | Y3: 3 | Z3: KRAS | AA3: Yes | AB3: Yes | AC3: No | AD3: No | AE3: Yes | AF3: No | AG3: Yes | AH3: No | AI3: Yes | AJ3: No | AK3: 5 | AL3: NSCLC | AM3: Adenocarcinoma | AN3: Stage I | AO3: 2.6 | AP3: No | AQ3: Biopsy | AR3: Surgery + Chemotherapy | AS3: 76 | AT3: Yes
A4: LC-0003 | B4: 2017 | C4: 42830 | D4: Western Pacific | E4: =TRIM(lung_cancer_dataset!E4) -> Japan | F4: 53 | G4: 50-59 | H4: =PROPER(TRIM(lung_cancer_dataset!H4)) -> Female | I4: =PROPER(TRIM(lung_cancer_dataset!I4)) -> Never Smoked | J4: 0 | K4: 0 | L4: 0 | M4: Yes | N4: No | O4: No | P4: =PROPER(TRIM(lung_cancer_dataset!P4)) -> High | Q4: Moderate | R4: 25.8 | S4: Overweight | T4: Low | U4: No | V4: No | W4: No | X4: No | Y4: 2 | Z4: KRAS | AA4: No | AB4: No | AC4: Yes | AD4: Yes | AE4: Yes | AF4: No | AG4: No | AH4: No | AI4: No | AJ4: No | AK4: 3 | AL4: NSCLC | AM4: Squamous Cell | AN4: Stage I | AO4: 2.9 | AP4: No | AQ4: LDCT Screening | AR4: Surgery | AS4: 69 | AT4: No
A5: LC-0004 | B5: 2018 | C5: 43428 | D5: Western Pacific | E5: =TRIM(lung_cancer_dataset!E5) -> Singapore | F5: 55 | G5: 50-59 | H5: =PROPER(TRIM(lung_cancer_dataset!H5)) -> Male | I5: =PROPER(TRIM(lung_cancer_dataset!I5)) -> Current Smoker | J5: 21 | K5: 34 | L5: 35.7 | M5: No | N5: Yes | O5: No | P5: =PROPER(TRIM(lung_cancer_dataset!P5)) -> Moderate | Q5: No Alcohol | R5: 25.3 | S5: Overweight | T5: Low | U5: Yes | V5: No | W5: No | X5: No | Y5: 2 | Z5: No Mutation | AA5: Yes | AB5: No | AC5: No | AD5: Yes | AE5: Yes | AF5: Yes | AG5: Yes | AH5: Yes | AI5: No | AJ5: No | AK5: 6 | AL5: NSCLC | AM5: Adenocarcinoma | AN5: Stage IV | AO5: 7 | AP5: Yes | AQ5: CT Scan | AR5: Chemotherapy | AS5: 9 | AT5: No
A6: LC-0005 | B6: 2024 | C6: 45341 | D6: Western Pacific | E6: =TRIM(lung_cancer_dataset!E6) -> Malaysia | F6: 54 | G6: 50-59 | H6: =PROPER(TRIM(lung_cancer_dataset!H6)) -> Male | I6: =PROPER(TRIM(lung_cancer_dataset!I6)) -> Never Smoked | J6: 0 | K6: 0 | L6: 0 | M6: No | N6: No | O6: Yes | P6: =PROPER(TRIM(lung_cancer_dataset!P6)) -> High | Q6: No Alcohol | R6: 32 | S6: Obese | T6: Low | U6: Yes | V6: No | W6: No | X6: Yes | Y6: 4 | Z6: KRAS | AA6: Yes | AB6: No | AC6: Yes | AD6: No | AE6: Yes | AF6: No | AG6: Yes | AH6: No | AI6: Yes | AJ6: No | AK6: 5 | AL6: NSCLC | AM6: Adenocarcinoma | AN6: Stage III | AO6: 5.8 | AP6: No | AQ6: Bronchoscopy | AR6: Immunotherapy | AS6: 5 | AT6: Yes
A7: LC-0006 | B7: 2026 | C7: 46023 | D7: Eastern Mediterranean | E7: =TRIM(lung_cancer_dataset!E7) -> Iran | F7: 75 | G7: 70-79 | H7: =PROPER(TRIM(lung_cancer_dataset!H7)) -> Male | I7: =PROPER(TRIM(lung_cancer_dataset!I7)) -> Never Smoked | J7: 0 | K7: 0 | L7: 0 | M7: No | N7: No | O7: No | P7: =PROPER(TRIM(lung_cancer_dataset!P7)) -> Low | Q7: No Alcohol | R7: 23 | S7: Normal | T7: High | U7: No | V7: Yes | W7: No | X7: No | Y7: 1 | Z7: EGFR | AA7: Yes | AB7: No | AC7: No | AD7: No | AE7: Yes | AF7: No | AG7: No | AH7: No | AI7: No | AJ7: No | AK7: 2 | AL7: NSCLC | AM7: Adenocarcinoma | AN7: Stage II | AO7: 3 | AP7: No | AQ7: CT Scan | AR7: Surgery | AS7: 23 | AT7: No
A8: LC-0007 | B8: 2026 | C8: 46061 | D8: Eastern Mediterranean | E8: =TRIM(lung_cancer_dataset!E8) -> Qatar | F8: 85 | G8: 80-89 | H8: =PROPER(TRIM(lung_cancer_dataset!H8)) -> Female | I8: =PROPER(TRIM(lung_cancer_dataset!I8)) -> Never Smoked | J8: 0 | K8: 0 | L8: 0 | M8: Yes | N8: No | O8: No | P8: =PROPER(TRIM(lung_cancer_dataset!P8)) -> Low | Q8: Moderate | R8: 26.9 | S8: Overweight | T8: Low | U8: No | V8: No | W8: No | X8: No | Y8: 1 | Z8: EGFR | AA8: No | AB8: No | AC8: No | AD8: No | AE8: No | AF8: No | AG8: No | AH8: No | AI8: No | AJ8: No | AK8: 0 | AL8: NSCLC | AM8: Large Cell | AN8: Stage III | AO8: 3.8 | AP8: No | AQ8: Biopsy | AR8: Chemotherapy | AS8: 18 | AT8: No
A9: LC-0008 | B9: 2024 | C9: 45566 | D9: Western Pacific | E9: =TRIM(lung_cancer_dataset!E9) -> Singapore | F9: 72 | G9: 70-79 | H9: =PROPER(TRIM(lung_cancer_dataset!H9)) -> Male | I9: =PROPER(TRIM(lung_cancer_dataset!I9)) -> Never Smoked | J9: 0 | K9: 0 | L9: 0 | M9: No | N9: No | O9: No | P9: =PROPER(TRIM(lung_cancer_dataset!P9)) -> High | Q9: Moderate | R9: 24.1 | S9: Normal | T9: Moderate | U9: No | V9: No | W9: No | X9: No | Y9: 1 | Z9: ROS1 | AA9: Yes | AB9: No | AC9: Yes | AD9: No | AE9: Yes | AF9: No | AG9: No | AH9: Yes | AI9: Yes | AJ9: No | AK9: 5 | AL9: NSCLC | AM9: Adenocarcinoma | AN9: Stage II | AO9: 4.3 | AP9: No | AQ9: Bronchoscopy | AR9: Surgery + Chemotherapy | AS9: 25 | AT9: Yes
A10: LC-0009 | B10: 2022 | C10: 44674 | D10: Eastern Mediterranean | E10: =TRIM(lung_cancer_dataset!E10) -> Qatar | F10: 58 | G10: 50-59 | H10: =PROPER(TRIM(lung_cancer_dataset!H10)) -> Female | I10: =PROPER(TRIM(lung_cancer_dataset!I10)) -> Never Smoked | J10: 0 | K10: 0 | L10: 0 | M10: No | N10: No | O10: No | P10: =PROPER(TRIM(lung_cancer_dataset!P10)) -> Low | Q10: No Alcohol | R10: 28.3 | S10: Overweight | T10: High | U10: No | V10: No | W10: No | X10: No | Y10: 0 | Z10: EGFR | AA10: Yes | AB10: No | AC10: No | AD10: No | AE10: Yes | AF10: No | AG10: No | AH10: No | AI10: No | AJ10: No | AK10: 2 | AL10: NSCLC | AM10: Adenocarcinoma | AN10: Stage III | AO10: 6.7 | AP10: Yes | AQ10: CT Scan | AR10: Chemotherapy | AS10: 21 | AT10: No
A11: LC-0010 | B11: 2022 | C11: 44750 | D11: Europe | E11: =TRIM(lung_cancer_dataset!E11) -> Poland | F11: 43 | G11: 40-49 | H11: =PROPER(TRIM(lung_cancer_dataset!H11)) -> Male | I11: =PROPER(TRIM(lung_cancer_dataset!I11)) -> Never Smoked | J11: 0 | K11: 0 | L11: 0 | M11: No | N11: Yes | O11: No | P11: =PROPER(TRIM(lung_cancer_dataset!P11)) -> Moderate | Q11: Moderate | R11: 21.3 | S11: Normal | T11: High | U11: No | V11: No | W11: Yes | X11: No | Y11: 2 | Z11: EGFR | AA11: No | AB11: No | AC11: No | AD11: No | AE11: Yes | AF11: No | AG11: No | AH11: No | AI11: No | AJ11: No | AK11: 1 | AL11: NSCLC | AM11: Adenocarcinoma | AN11: Stage I | AO11: 1.5 | AP11: No | AQ11: LDCT Screening | AR11: Surgery | AS11: 65 | AT11: Yes
A12: LC-0011 | B12: 2025 | C12: 45939 | D12: Africa | E12: =TRIM(lung_cancer_dataset!E12) -> Nigeria | F12: 51 | G12: 50-59 | H12: =PROPER(TRIM(lung_cancer_dataset!H12)) -> Female | I12: =PROPER(TRIM(lung_cancer_dataset!I12)) -> Never Smoked | J12: 0 | K12: 0 | L12: 0 | M12: No | N12: No | O12: No | P12: =PROPER(TRIM(lung_cancer_dataset!P12)) -> High | Q12: No Alcohol | R12: 25.1 | S12: Overweight | T12: Low | U12: No | V12: No | W12: No | X12: No | Y12: 1 | Z12: ROS1 | AA12: No | AB12: No | AC12: No | AD12: No | AE12: Yes | AF12: No | AG12: No | AH12: Yes | AI12: No | AJ12: No | AK12: 2 | AL12: NSCLC | AM12: Adenocarcinoma | AN12: Stage IV | AO12: 6.7 | AP12: Yes | AQ12: PET Scan | AR12: Chemotherapy | AS12: 9 | AT12: No
A13: LC-0012 | B13: 2023 | C13: 45008 | D13: Eastern Mediterranean | E13: =TRIM(lung_cancer_dataset!E13) -> Lebanon | F13: 52 | G13: 50-59 | H13: =PROPER(TRIM(lung_cancer_dataset!H13)) -> Male | I13: =PROPER(TRIM(lung_cancer_dataset!I13)) -> Never Smoked | J13: 0 | K13: 0 | L13: 0 | M13: No | N13: No | O13: No | P13: =PROPER(TRIM(lung_cancer_dataset!P13)) -> Low | Q13: Moderate | R13: 21.6 | S13: Normal | T13: Low | U13: No | V13: No | W13: No | X13: No | Y13: 0 | Z13: EGFR | AA13: Yes | AB13: No | AC13: No | AD13: Yes | AE13: Yes | AF13: No | AG13: Yes | AH13: No | AI13: No | AJ13: Yes | AK13: 5 | AL13: NSCLC | AM13: Large Cell | AN13: Stage II | AO13: 5.6 | AP13: No | AQ13: PET Scan | AR13: Radiotherapy | AS13: 26 | AT13: Yes
... A2001: LC-2000 | B2001: 2023 | C2001: 45053 | D2001: Americas | E2001: =TRIM(lung_cancer_dataset!E2001) -> USA | F2001: 49 | G2001: 40-49 | H2001: =PROPER(TRIM(lung_cancer_dataset!H2001)) -> Female | I2001: =PROPER(TRIM(lung_cancer_dataset!I2001)) -> Never Smoked | J2001: 0 | K2001: 0 | L2001: 0 | M2001: Yes | N2001: No | O2001: No | P2001: =PROPER(TRIM(lung_cancer_dataset!P2001)) -> High | Q2001: Moderate | R2001: 29.9 | S2001: Overweight | T2001: Low | U2001: No | V2001: No | W2001: No | X2001: No | Y2001: 2 | Z2001: ALK | AA2001: No | AB2001: No | AC2001: No | AD2001: Yes | AE2001: Yes | AF2001: No | AG2001: Yes | AH2001: No | AI2001: No | AJ2001: No | AK2001: 3 | AL2001: NSCLC | AM2001: Squamous Cell | AN2001: Stage II | AO2001: 4.1 | AP2001: No | AQ2001: Biopsy | AR2001: Surgery + Chemotherapy | AS2001: 53 | AT2001: Yes

Sheet Analysis
A1: Questions | B1: Answers | E1: Count of Patient_ID | F1: Column Labels | K1: Row Labels | L1: Count of Patient_ID
A2: Total Patient | B2: =COUNTA(Table1[Patient_ID]) -> 2000 | E2: Row Labels | F2: No | G2: Yes | H2: Grand Total | I2: Rate | K2: 2015 | L2: 92
A3: Overall Survival Rate | B3: =C6 -> 0.378 | E3: Stage I | F3: 174 | G3: 403 | H3: 577 | I3: =GETPIVOTDATA("Patient_ID",$E$1,"Cancer_Stage","Stage I","Survived","Yes")/(GETPIVOTDATA("Patient_ID",$E$1,"Cancer_Stage","Stage I","Survived","No")+GETPIVOTDATA("Patient_ID",$E$1,"Cancer_Stage","Stage I","Survived","Yes")) -> 0.69844021 | K3: 2016 | L3: 110
A4: Row Labels | B4: Count of Patient_ID | C4: Rate | E4: Stage II | F4: 240 | G4: 247 | H4: 487 | I4: =GETPIVOTDATA("Patient_ID",$E$1,"Cancer_Stage","Stage II","Survived","Yes")/(GETPIVOTDATA("Patient_ID",$E$1,"Cancer_Stage","Stage II","Survived","No")+GETPIVOTDATA("Patient_ID",$E$1,"Cancer_Stage","Stage II","Survived","Yes")) -> 0.50718686 | K4: 2017 | L4: 145
A5: No | B5: 1244 | C5: =GETPIVOTDATA("Patient_ID",$A$4,"Survived","No")/GETPIVOTDATA("Patient_ID",$A$4) -> 0.622 | E5: Stage III | F5: 380 | G5: 80 | H5: 460 | I5: =GETPIVOTDATA("Patient_ID",$E$1,"Cancer_Stage","Stage III","Survived","Yes")/(GETPIVOTDATA("Patient_ID",$E$1,"Cancer_Stage","Stage III","Survived","No")+GETPIVOTDATA("Patient_ID",$E$1,"Cancer_Stage","Stage III","Survived","Yes")) -> 0.17391304 | K5: 2018 | L5: 138
A6: Yes | B6: 756 | C6: =GETPIVOTDATA("Patient_ID",$A$4,"Survived","Yes")/GETPIVOTDATA("Patient_ID",$A$4) -> 0.378 | E6: Stage IV | F6: 450 | G6: 26 | H6: 476 | I6: =GETPIVOTDATA("Patient_ID",$E$1,"Cancer_Stage","Stage IV","Survived","Yes")/(GETPIVOTDATA("Patient_ID",$E$1,"Cancer_Stage","Stage IV","Survived","No")+GETPIVOTDATA("Patient_ID",$E$1,"Cancer_Stage","Stage IV","Survived","Yes")) -> 0.054621849 | K6: 2019 | L6: 147
A7: Grand Total | B7: 2000 | E7: Grand Total | F7: 1244 | G7: 756 | H7: 2000 | K7: 2020 | L7: 163
K8: 2021 | L8: 185
A9: Row Labels | B9: Count of Patient_ID | E9: Count of Patient_ID | F9: Column Labels | K9: 2022 | L9: 186
A10: NSCLC | B10: 1771 | C10: =GETPIVOTDATA("Patient_ID",$A$9,"Cancer_Type","NSCLC")/GETPIVOTDATA("Patient_ID",$A$9) -> 0.8855 | E10: Row Labels | F10: No | G10: Yes | H10: Grand Total | K10: 2023 | L10: 221
A11: SCLC | B11: 229 | C11: =GETPIVOTDATA("Patient_ID",$A$9,"Cancer_Type","SCLC")/GETPIVOTDATA("Patient_ID",$A$9) -> 0.1145 | E11: Current Smoker | F11: 347 | G11: 130 | H11: 477 | I11: =GETPIVOTDATA("Patient_ID",$E$9,"Smoking_Status","Current Smoker","Survived","Yes")/(GETPIVOTDATA("Patient_ID",$E$9,"Smoking_Status","Current Smoker","Survived","No")+GETPIVOTDATA("Patient_ID",$E$9,"Smoking_Status","Current Smoker","Survived","Yes")) -> 0.27253669 | K11: 2024 | L11: 207
A12: Grand Total | B12: 2000 | E12: Former Smoker | F12: 143 | G12: 69 | H12: 212 | I12: =GETPIVOTDATA("Patient_ID",$E$9,"Smoking_Status","Former Smoker","Survived","Yes")/(GETPIVOTDATA("Patient_ID",$E$9,"Smoking_Status","Former Smoker","Survived","No")+GETPIVOTDATA("Patient_ID",$E$9,"Smoking_Status","Former Smoker","Survived","Yes")) -> 0.3254717 | K12: 2025 | L12: 202
E13: Never Smoked | F13: 754 | G13: 557 | H13: 1311 | I13: =GETPIVOTDATA("Patient_ID",$E$9,"Smoking_Status","Never Smoked","Survived","Yes")/(GETPIVOTDATA("Patient_ID",$E$9,"Smoking_Status","Never Smoked","Survived","No")+GETPIVOTDATA("Patient_ID",$E$9,"Smoking_Status","Never Smoked","Survived","Yes")) -> 0.42486651 | K13: 2026 | L13: 204
E14: Grand Total | F14: 1244 | G14: 756 | H14: 2000 | K14: Grand Total | L14: 2000
E16: Count of Patient_ID | F16: Column Labels
E17: Row Labels | F17: No | G17: Yes | H17: Grand Total
E18: Female | F18: 439 | G18: 313 | H18: 752 | I18: =GETPIVOTDATA("Patient_ID",$E$16,"Gender","Female","Survived","Yes")/(GETPIVOTDATA("Patient_ID",$E$16,"Gender","Female","Survived","No")+GETPIVOTDATA("Patient_ID",$E$16,"Gender","Female","Survived","Yes")) -> 0.4162234
E19: Male | F19: 805 | G19: 443 | H19: 1248 | I19: =GETPIVOTDATA("Patient_ID",$E$16,"Gender","Male","Survived","Yes")/(GETPIVOTDATA("Patient_ID",$E$16,"Gender","Male","Survived","No")+GETPIVOTDATA("Patient_ID",$E$16,"Gender","Male","Survived","Yes")) -> 0.35496795
E20: Grand Total | F20: 1244 | G20: 756 | H20: 2000

Sheet Dashboard
